id,sku,inventory
1,OH6780N,667
2,XL9422G,759
3,GX3546P,4092
4,YZ7355O,0
5,OB7190K,840
6,KE3407G,1296
7,QQ9111Q,460
8,KE1018R,340
9,YM1999M,32
10,PI3637O,4300
11,EC1276R,1312
12,CG2885R,1920
13,JH6523E,0
14,FM6612Z,1248
15,IY6179O,26
16,PX9539I,2340
17,LB2451G,1566
18,XN6480Z,75
19,JK7643O,891
20,DG6344K,2
21,JB3210Z,817
22,NC2084D,48
23,QH9883Z,3430
24,LO5915R,2480
25,BA8493A,21
26,JO7814I,420
27,LE9908Q,2160
28,KL6668J,1988
29,GR2604R,480
30,NP7531P,1968
31,BB2176E,504
32,OG8159L,39
33,FI4335X,0
34,XZ9133G,1248
35,EB5321L,2268
36,LL5976F,3116
37,ZI5594Q,1566
38,EJ4045D,3154
39,XB9412I,648
40,FK1934K,11
41,KM1340Q,832
42,AX1211X,2156
43,GG8230F,2530
44,LP3226L,4459
45,ZY1045B,220
46,OA3626A,1200
47,IL5743R,216
48,NY1647K,3042
49,KB6251A,2484
50,EA5864R,231
51,ZK3135E,1547
52,OE6890G,156
53,GZ3115F,627
54,MO5113O,539
55,BF6534J,464
56,YZ9830D,4000
57,YJ5757G,31
58,XZ2147D,756
59,GP4473I,1900
60,GP9007J,3066
61,BD3751F,1254
62,JF2846Q,648
63,DY7026N,2450
64,BM3992K,989
65,DX9984E,1311
66,OH3100B,2911
67,AG4558R,1332
68,ZR1963Z,875
69,OC8995D,32
70,RC5576P,90
71,EC7849C,112
72,FX6782M,600
73,RZ6051O,2613
74,JI7818Y,2964
75,NH2187C,650
76,MB2052R,1176
77,HR3499H,2065
78,MG3767X,425
79,HG6727E,592
80,FR2541A,420
81,JC6362N,1056
82,LI5985B,2520
83,FD2227O,1078
84,AZ7942G,120
85,GI8639Y,1200
86,MM9221B,51
87,KY5010N,990
88,ZX9171B,494
89,IP3397Q,798
90,YA5011E,846
91,CD3078E,336
92,AF8053R,1080
93,IA1842F,1170
94,MY6804Q,1620
95,RJ3935B,1764
96,FB6385Q,1640
97,EI5711Y,2556
98,FY5640D,3348
99,EX5488J,4400
100,JQ1503C,490
101,EM7299R,1363
102,LQ5511D,623
103,PA8497G,2923
104,GO1272M,2058
105,KH7658Q,3760
106,KZ1005F,246
107,HJ2839A,476
108,DR4687E,836
109,IE1574P,2530
110,BE2281K,550
111,CF2119B,2064
112,PH5296F,798
113,RH3256J,407
114,OH5879K,1760
115,RG2304Q,3515
116,FQ3582X,1886
117,PY6875L,60
118,AM9167O,1708
119,HK7263H,660
120,CF1429P,36
121,EZ6906R,2178
122,MA9760P,1802
123,IZ5692K,3150
124,PE2089D,2108
125,IL6095L,1620
126,NR6380I,1870
127,ZM3326Z,3680
128,MG1701P,960
129,XJ3565X,1360
130,FM3736M,3654
131,AN4523A,792
132,JO9313N,2496
133,ZE7892J,1980
134,RH1204R,390
135,PM7632C,3080
136,KL1905Z,1014
137,XK1672B,1173
138,AD2867I,280
139,ZD5596M,136
140,NF2750R,322
141,LP1123C,60
142,AE8303F,64
143,EN6578R,1365
144,MR3777X,1164
145,JQ9709R,720
146,KD5409D,448
147,GY9655D,118
148,ZY7064H,1250
149,BY6663K,324
150,FN6467Y,600
151,NP5373J,276
152,MX3111F,1265
153,EZ9388M,160
154,YA7214O,168
155,BK9242X,4095
156,LC6739D,2025
157,DL5903F,90
158,YY8931X,294
159,RY4726G,1587
160,LR7280I,1273
161,KB8240B,1560
162,LR8607X,174
163,BO4148O,0
164,PF2495J,846
165,HY9105Z,46
166,ZX8749M,1008
167,AH4208L,1178
168,QQ9345J,3619
169,GB8719B,4554
170,MR4258E,2376
171,RP5005Y,84
172,QN9016A,568
173,KB1782D,3105
174,YR9636G,255
175,HN8293A,1078
176,MX5737Q,498
177,PD9558R,3038
178,LE2435A,1155
179,ZO3606I,2924
180,QK7221I,1128
181,QQ8748P,385
182,XH3284M,2660
183,QC6657N,3783
184,JR9253F,18
185,YL8673X,420
186,PP4230E,574
187,CM4952J,910
188,AO5462H,273
189,OM3931E,265
190,ZG5767Q,988
191,OO8995Z,1248
192,HL7369O,1296
193,FL6113B,480
194,QK1031B,581
195,LJ6537O,1950
196,FD2496Y,768
197,EY2431L,2982
198,IE4455M,2565
199,NX4272Z,3360
200,ZD3072D,1410
201,RE4844M,4368
202,MA5213N,1134
203,QF8270B,429
204,YE4954O,680
205,EI7641O,225
206,NH7852B,504
207,BX5166L,132
208,RG4956Z,201
209,HB9903M,874
210,KX1483N,234
211,QA6662B,50
212,NQ9144F,1968
213,LZ1862I,552
214,IH3234Z,3348
215,AA2959M,238
216,CD4775F,1066
217,IL6451O,2700
218,NP7356H,2144
219,DO7444Q,750
220,ZI4148I,1649
221,FP5705D,1300
222,OC1947B,2360
223,NX8320Q,851
224,EN2188D,4128
225,RL7773Z,143
226,DO5557J,261
227,HM6128C,58
228,XP1252A,36
229,LX9874A,48
230,RM7456K,1248
231,OC7288M,465
232,DZ2835L,777
233,EO9568Z,611
234,FK6908X,2925
235,KL3793O,114
236,QR1071L,2556
237,GN4691P,216
238,PG7952N,1368
239,LI2365B,550
240,ZD2975J,2622
241,AG3756P,1292
242,NM4383Y,2392
243,FA5078A,1640
244,QQ3244E,249
245,AP8107R,875
246,KC5320Q,268
247,KN1485N,153
248,JJ9258X,1178
249,ZC4958I,3480
250,LK3017N,1334
251,YB7213K,1458
252,RX9124N,216
253,MI8759N,518
254,PZ2809Y,3936
255,CL2268X,770
256,BD7070F,23
257,NB4064E,64
258,YY8371Q,1272
259,FG8572K,0
260,ZL8783N,0
261,DJ6818B,1950
262,EJ7576F,2407
263,FY8235Y,2964
264,AR7016M,2268
265,YQ9594P,2170
266,ZY9000E,372
267,HO1936L,1120
268,XD6496J,3550
269,LG2530L,366
270,AK1495Z,1564
271,QD6798M,1496
272,NE6311C,46
273,HK3203L,1943
274,DM9449Y,928
275,ON9597O,2190
276,MO9148C,576
277,OL2288Y,360
278,MD9036Y,2225
279,CX3598E,375
280,XQ1464H,440
281,OB4221J,282
282,HK3850C,2378
283,JC2543C,3069
284,PM9699X,2940
285,QJ4424R,925
286,XN7064H,1080
287,ZK6152Z,240
288,DD2858Y,1120
289,AD3937K,324
290,YX9413J,869
291,EG1064G,1568
292,XN5738N,252
293,HJ7582I,2223
294,MB3144R,190
295,OM8456O,2135
296,LF6871B,108
297,CK5426J,3104
298,JE8214Y,806
299,GO4124L,2048
300,OY9608Y,38
301,DM1509E,232
302,PK8958I,336
303,QH3978N,6
304,BC1502F,1230
305,RE7390G,286
306,XD5716X,24
307,BX2315K,1281
308,IO5849Y,432
309,MY4110Q,900
310,NY6564H,2052
311,AH6543Y,2211
312,QK9696O,272
313,PP3744K,820
314,RO7444A,4000
315,FO7195G,1881
316,GB9011X,840
317,OX9118H,893
318,LI2430E,2442
319,AR9726H,2288
320,MR1106J,1302
321,JZ2921E,150
322,QC8019O,1829
323,XE8634D,288
324,AB7692J,1927
325,HZ3686R,576
326,CJ8023Q,1505
327,CH9004A,1029
328,AL2055X,224
329,QA6037B,1008
330,DF2378B,3042
331,IQ6456E,3588
332,LG9701A,2080
333,ZC8152K,517
334,KZ4454Q,2116
335,JL6652R,70
336,YO8828B,36
337,BF3298X,1856
338,GH5809M,1782
339,PN6167Q,3825
340,LD7686F,2356
341,FY5481X,3720
342,FB4651Q,122
343,MA4197Z,3960
344,NH9052Z,1278
345,DJ2466Y,1386
346,QB6315P,144
347,AE2668Q,2430
348,EQ8806G,340
349,RF7313B,1024
350,CB1926E,2911
351,QB6270Q,990
352,XE4612J,1800
353,DX3631A,1100
354,JH9574K,243
355,JH6729D,3168
356,EH8172C,2686
357,CC7396I,148
358,KP2836O,1116
359,OP4673B,891
360,BZ5751I,21
361,YB2987N,63
362,AE1534H,3034
363,OD6971O,374
364,HA1974K,106
365,QO6492Q,48
366,GY8705I,2200
367,JJ3692O,2268
368,RQ8519C,2492
369,YK6468Y,140
370,PG8096F,0
371,PM7940Y,36
372,ME4933M,49
373,YK2760E,63
374,CD8048P,1242
375,II7444F,198
376,FG3941Q,152
377,ZK1603K,1825
378,LB1702D,25
379,QC6411M,1880
380,DG4123L,780
381,DJ9449Z,2160
382,AC7594G,1746
383,RB5369Z,2400
384,JK2946R,1444
385,MQ3724Z,308
386,KC2980Z,2231
387,OA8001G,1888
388,QG2396O,260
389,GM7671J,1530
390,GM5617O,180
391,MD2177C,1840
392,OB6801H,620
393,XQ7350D,0
394,ED7471H,912
395,CB2829H,2115
396,QI7374R,392
397,RA8979M,8
398,RM8931K,220
399,XY8360G,588
400,RI5085O,180
401,FJ4088L,1976
402,YG9445I,3504
403,AC5162Y,517
404,NQ5327K,180
405,GH8517M,533
406,EJ4832O,1682
407,YB2794N,2295
408,XM6687J,198
409,LI3913F,3741
410,HG4652P,2500
411,PZ3197P,686
412,GQ8993O,440
413,ZN4456X,1332
414,QA2149L,1872
415,FI9505N,2898
416,EB7587P,667
417,LL8173Q,142
418,ZE3278K,468
419,CI4912D,69
420,MK5955L,500
421,GZ9631G,240
422,DB7082H,57
423,MJ3540R,918
424,BI1650H,936
425,FB5076I,1056
426,EB7582H,2016
427,CC5622B,490
428,PH6070J,1484
429,NF1326E,1386
430,GH9071Z,468
431,QP7713O,357
432,DY5454G,513
433,JK2044Z,1782
434,HI9164N,760
435,BO8972F,1479
436,NQ7193M,2408
437,FG1690H,266
438,EJ7365B,882
439,FI4145L,340
440,JO9122O,1302
441,HD8879M,372
442,GE3129O,3552
443,MG2753B,660
444,OD9937N,1675
445,ZR7640M,1552
446,OY7711C,704
447,XD1672K,2376
448,LG6038F,594
449,CP6115X,1696
450,RG5865R,1935
451,BY8405H,78
452,QH8733J,2816
453,HQ3255J,224
454,LM6848Y,4136
455,PA8350H,1300
456,MZ9237G,1771
457,LK2257I,1755
458,YM4531N,517
459,RQ2205I,1386
460,MI5930X,2178
461,IE1306Q,1140
462,HP2110J,2262
463,CJ5244G,1320
464,YC9757L,810
465,IZ9596Y,1764
466,XB3356L,1968
467,OP7631B,392
468,HI9650F,1408
469,RZ1415R,4185
470,MG6709Q,1539
471,MG1340D,500
472,XK4350D,2208
473,GC5837Q,1944
474,RO1337M,1269
475,ZB2519P,1020
476,EE6164G,315
477,BL2297G,1026
478,BB2405Y,140
479,NG4330L,2047
480,XG9820O,3956
481,BK3316I,572
482,HC8799G,1230
483,RB5197C,627
484,JM9049L,336
485,PE4911E,1260
486,YK4623I,196
487,LJ2442F,350
488,BK7746Z,616
489,QY8922Y,3108
490,ZY5241N,306
491,QP2017X,48
492,HM1435N,128
493,KF4628J,1736
494,JF1916Q,1911
495,QD8272H,1554
496,IP1994R,3393
497,AC3752J,1770
498,BB6939R,364
499,BQ6763C,567
500,FH5982D,1075
501,NE9172C,1813
502,LJ4448F,3040
503,XO5691E,258
504,PR5126Q,1152
505,OX8280P,200
506,YZ2615I,7
507,II7106A,590
508,MO1617L,114
509,IL2667K,432
510,RL3762R,675
511,AN8066F,4800
512,GO4390J,864
513,ID9480P,516
514,AR5914C,26
515,KR2712A,1776
516,MF3977B,416
517,DD9768J,320
518,PK9139H,2257
519,KX4287J,470
520,FN7847Q,3948
521,DE3469D,2548
522,RY8539P,840
523,AY5573A,1770
524,IZ1014J,459
525,FP5087M,871
526,JH6833F,490
527,QK6682C,3920
528,BN7805I,2107
529,YO3466F,4410
530,AD8323L,902
531,RI9779I,36
532,CH7658J,408
533,ZR4028G,1023
534,QR2395K,468
535,NX7529G,988
536,AD7699X,168
537,YZ3404M,1271
538,EB1135G,84
539,KR6860D,2392
540,IA2727F,688
541,ZN3623G,380
542,LN8656Z,884
543,JG9116E,4600
544,AF5024A,203
545,IM2983F,957
546,RK4330Y,1660
547,MO7272F,564
548,ZF3308E,192
549,OA6241M,18
550,RH7812G,1455
551,BM4504J,1368
552,JR1937K,2565
553,JN7217D,22
554,PA7933F,1000
555,ZZ7706I,1014
556,JB3261M,172
557,FR6434C,46
558,OK3401N,1862
559,MC3743H,1104
560,CX1579K,414
561,IY4161D,770
562,QN6068Z,832
563,FF6391P,323
564,NG8625X,130
565,RG8271Q,2728
566,FK1526O,493
567,QK4785I,1081
568,MA7958J,564
569,BC5776R,1342
570,KE4666X,374
571,AP2963Y,255
572,LM5936R,682
573,PE4705J,182
574,GE7782X,3864
575,RD4052E,632
576,HY4959X,1953
577,JY4212R,1001
578,JC6070E,120
579,AC7988O,810
580,CD3112N,1620
581,RO8582R,858
582,EE1838L,399
583,AQ7950G,1443
584,GK6745L,736
585,EZ7431C,369
586,ML8798M,1615
587,BF5743N,98
588,PO8971L,2880
589,AK8725G,1518
590,DE2027Y,93
591,XC5049B,1105
592,RL5686J,2754
593,RO4538K,1683
594,PI9627Z,2
595,ZK6918G,129
596,QP2702O,1365
597,DD7407H,803
598,OO9661O,2340
599,JY9853O,99
600,LF5492B,1258
601,IP8527A,2223
602,JR7077H,252
603,DM7144J,1248
604,RO7936K,279
605,RN3761A,882
606,NJ1047D,558
607,OF1008G,693
608,EA2726H,558
609,KB6437L,360
610,ZK4631O,1060
611,CR1366R,1840
612,QB9222R,2356
613,HL4700O,1863
614,NI3658B,1971
615,MN1354F,480
616,FO2217B,1188
617,PO4095X,1197
618,MP2834G,220
619,RC5608N,1520
620,FZ6908Q,153
621,JX4211F,2546
622,XJ3800A,950
623,XB6093Y,612
624,ER4149Y,624
625,MJ7924J,2646
626,HL2878I,621
627,ID1637F,663
628,YI5913F,224
629,AH6174C,1428
630,XD4779L,990
631,KQ1941D,1596
632,DL5216X,3871
633,DE1156N,1274
634,FI9108E,2812
635,HQ2304D,1408
636,XC4853H,297
637,BZ1419A,3696
638,NA5345A,3375
639,RM7671X,2600
640,BM2361P,1075
641,XZ2206G,1105
642,BJ3696B,380
643,DE9232P,152
644,QG4081M,640
645,JH3040R,1656
646,NJ4678H,400
647,PF2530E,243
648,PM6496Q,1080
649,YK7802R,506
650,BY7772O,930
651,LE7257H,80
652,FK4972J,616
653,DD7373I,184
654,JP3403H,825
655,MD8603F,722
656,YG9716K,760
657,YK3215A,150
658,ZG6449I,560
659,CD3901A,102
660,KZ8864I,864
661,RR7499J,392
662,AF1157R,1440
663,AG3404C,2852
664,DD8723R,3577
665,HR6612N,3382
666,EO6931M,2479
667,CK8906L,35
668,ML8920I,168
669,LI4892P,2430
670,YP7551C,1785
671,ML2028C,87
672,CY8562C,112
673,PQ8185F,264
674,NA3719A,602
675,EE9967O,735
676,BG2568B,720
677,HK1351G,1840
678,JM5830K,544
679,KA6550N,864
680,JJ2642B,2600
681,EK9980R,930
682,LO3375H,2812
683,ZF5712Q,1520
684,CL9206N,3268
685,HO5894Y,640
686,MN4280Z,336
687,OE4859A,2508
688,YQ4339H,260
689,JR7095X,574
690,XL1859H,1330
691,JX6627M,1240
692,II3115M,288
693,IL5234O,476
694,OB3864H,203
695,IF7595K,2960
696,XZ5176O,1680
697,NK8113R,1386
698,DD8873E,1782
699,AY5334L,525
700,YO3559C,2535
701,GB8942C,3216
702,DC6332G,1472
703,YM5228F,2001
704,BJ8299G,1830
705,JB5037I,640
706,ZP7712P,1976
707,OC6163Q,850
708,AE3691M,1056
709,CJ1092Q,476
710,AB6109F,242
711,XQ8170P,612
712,AC1704Y,1863
713,CR7398F,700
714,ZR5717N,780
715,PK1868H,1809
716,DR4921J,180
717,BE6028X,80
718,BO5944A,84
719,OG9158B,756
720,MJ1664L,1003
721,RQ2304L,66
722,KN5011B,2349
723,OJ1767G,224
724,AA2429O,1365
725,HC1432Z,8
726,QY8809J,2480
727,CF1950F,836
728,DA9460J,1386
729,ZF2787F,2160
730,IQ5784R,3185
731,NJ1052Q,54
732,IQ3538L,123
733,BB2384D,4224
734,DY9435X,1978
735,DH4958G,630
736,LY6891E,672
737,NM7067N,672
738,EM4190L,2394
739,EM3439H,1600
740,YZ2209R,910
741,EA8231L,672
742,PE2515D,504
743,AA8880Q,2376
744,HG7036O,2079
745,LB6689J,900
746,FK4180M,1804
747,DE1896L,2914
748,QB3081X,1372
749,LC6718E,2025
750,PQ1305D,1656
751,XH4569Q,1350
752,AB4201O,1080
753,OY9427O,1734
754,HE2668D,3612
755,QI3152X,1250
756,GE5899I,4851
757,EF1617R,11
758,MP6822M,517
759,ZB7639G,4324
760,GY5118C,1269
761,LI7908O,24
762,CE6586X,779
763,KD3981Y,2014
764,PG7488J,1426
765,AF4312E,702
766,DR9444L,540
767,GG4421B,1204
768,LZ4980I,3360
769,RJ3533P,169
770,EP8341R,2412
771,QE1814Q,4200
772,AN2355O,4032
773,PB3182H,420
774,NF2733M,1650
775,KH9359Z,3555
776,EF4814A,1517
777,QO4326F,847
778,QN8242J,3478
779,BH8976P,1365
780,OL4457I,567
781,CX4427Q,64
782,YC7500H,615
783,XY2157D,310
784,AG3836G,456
785,ND5313Y,414
786,QL1961C,1196
787,XI3539X,1504
788,IO5969G,714
789,PC9676J,986
790,IN8941D,1067
791,PK6836K,485
792,YY4380D,893
793,DF4908A,714
794,ZJ6660G,522
795,GF1256X,16
796,FK6915Z,3196
797,AG9429I,160
798,HL8548N,1104
799,ZQ7683O,994
800,OM5104B,1530
801,EM3964H,2590
802,QA4670E,1003
803,OL6011H,2716
804,BK1747E,3456
805,PL3731L,203
806,YB3790E,1188
807,IJ6764K,1824
808,IN3829P,3293
809,JX4521H,171
810,CI1409X,1890
811,OK2997I,342
812,AP6623R,1188
813,BJ7096X,1068
814,HG2750K,21
815,RN9754P,1736
816,NJ5992N,2596
817,KO2501P,198
818,NX8059Q,2940
819,FN9356Y,224
820,XY8042H,52
821,KX3824Q,3465
822,PZ8699Y,2418
823,LQ9855N,1054
824,KC5247L,48
825,QD9344N,46
826,ND9959A,492
827,PE1212L,4128
828,FM2943B,156
829,HC1130A,2924
830,MX8002G,1100
831,HH5003B,572
832,BD9359N,368
833,KP5366K,80
834,YY8904C,27
835,DD4802N,903
836,PI1600Z,2310
837,RG9763R,1587
838,IN2616H,2926
839,HL6558I,3157
840,AM3013O,2226
841,BR8399O,3332
842,KA9180Q,1755
843,IG1615H,94
844,OR7548N,870
845,LP9037D,68
846,JJ5166X,782
847,YJ9082H,918
848,IL9784Q,812
849,DO5675P,2842
850,BB8550F,864
851,HD8799J,660
852,LB6223C,3325
853,MP6999N,1104
854,BX4811R,1092
855,OR5197F,462
856,RC5753L,594
857,FM8678Z,3431
858,BB1592B,1480
859,ZX9903B,2806
860,QR5903P,2352
861,KC3168I,490
862,HR2805A,900
863,MD5733K,1488
864,LF1751A,1617
865,PA2887L,595
866,CH1797M,30
867,DN9058Q,572
868,QI9309F,1488
869,GL6870L,2052
870,MJ8305F,2736
871,AQ7790K,3871
872,OI5483B,1428
873,AF7626K,2400
874,CI4046J,224
875,BK7450L,276
876,XJ2405M,12
877,HQ1605F,2409
878,RD5971E,221
879,LO1366J,378
880,II7615E,1980
881,QL6045X,3266
882,AQ1220B,3783
883,MJ7425I,517
884,PR1105C,408
885,NY8995O,1392
886,PG8301N,378
887,XQ5197O,66
888,FC6480N,2356
889,ZF9974M,1943
890,XJ9260Q,1156
891,GE9437L,3002
892,AN4413D,828
893,LA9291J,693
894,DF8903G,1768
895,PI1734Z,3696
896,MR7974A,240
897,NC7984Y,3230
898,MJ1038H,660
899,LQ4621Y,3036
900,GQ5675N,1463
901,XC4716B,1363
902,JZ3758M,174
903,NC1327H,760
904,FM8502R,1968
905,NB6798G,3080
906,OG3386Q,420
907,PQ8289L,660
908,RR1849H,208
909,GR3660C,600
910,GC5251P,3007
911,QC7366O,1890
912,RE2668A,198
913,XC3520G,1377
914,KZ6841C,1599
915,FM4263G,637
916,BR2943N,220
917,GR5701C,3654
918,CC1168F,1140
919,BL2840Y,316
920,HB2527G,354
921,OM5361Z,1120
922,PA5565R,55
923,JK1142O,2376
924,CK8286P,2880
925,CO7474P,1640
926,MM2001P,861
927,RY2469E,264
928,LK3814R,2886
929,LJ1403R,1743
930,FJ1707N,2310
931,BA2808I,45
932,XB2589L,130
933,DL3974F,1104
934,OE4196M,330
935,CI9052M,896
936,EC8621O,621
937,BZ6180L,1961
938,MN9444L,4324
939,RG7209O,1320
940,CZ3984L,465
941,RP6334Y,80
942,RL9371D,136
943,PQ5253A,3780
944,CZ9318H,377
945,XE1404C,1426
946,AQ2002L,850
947,NK8267C,261
948,DH3371Z,4136
949,ZY2485F,1938
950,OD1940N,2300
951,AP4947I,714
952,JE2747F,494
953,MP7454K,240
954,IX5216D,1140
955,PD5039Z,2730
956,HM2981F,1040
957,DR8533M,900
958,JX3194X,686
959,AO1949K,3040
960,QN1329O,420
961,QN9543E,702
962,MB5441H,203
963,KK6315G,500
964,YI3544N,0
965,IR8465J,1050
966,YR1102X,18
967,IG1628E,768
968,PA7220E,703
969,CM6474E,250
970,FX3398C,2079
971,ZZ1676B,3225
972,FG3779E,918
973,LF1385R,105
974,ZO8404M,80
975,HY5714C,323
976,HB8925F,2622
977,KL4436I,259
978,KA7218Q,390
979,OE5860E,924
980,XO9963H,756
981,CZ8696P,740
982,RL4776R,646
983,YA9985I,136
984,RY9859K,2465
985,HQ4881P,742
986,XJ1543X,340
987,RA8656B,870
988,QX1129E,756
989,ZX6232J,2418
990,BH1750P,306
991,IN2657O,235
992,OQ7407O,4554
993,MR5783L,988
994,KQ6569L,2464
995,ZY1972B,3160
996,YY3768K,3094
997,JN1902Z,1449
998,EQ4508R,3542
999,FK3591Z,1976
1000,RR7052N,483
1001,BE8642Q,270
1002,KG5152J,1333
1003,FZ6364Q,1120
1004,MJ7316F,2400
1005,NN1046L,1587
1006,DZ9715N,546
1007,JK1775Z,2001
1008,QF9359Y,68
1009,DX7724J,250
1010,FN7434H,1827
1011,RZ5278A,410
1012,MG9202K,1420
1013,IK7597I,48
1014,OI6278Y,250
1015,JD1955Q,1534
1016,FI3560Q,247
1017,RK7193O,468
1018,EP9309Z,4002
1019,YE4523Z,2492
1020,JA5207K,855
1021,RM7084J,328
1022,CX8918J,1500
1023,CR3363X,22
1024,JX2616J,2808
1025,PX3869F,276
1026,CL8207O,3528
1027,HQ4633G,1888
1028,EA5148K,2592
1029,QE1223A,680
1030,ZC6513J,2070
1031,OB3155M,1760
1032,ZG6731F,2255
1033,ER7072L,0
1034,BD2299P,2162
1035,YQ1394M,1476
1036,RO1295Z,1518
1037,LP2542D,1020
1038,GZ2006E,2436
1039,FL2017Z,616
1040,MF5324H,95
1041,AB5022Y,2800
1042,PE9847L,1440
1043,NC7450H,1323
1044,YH7131G,90
1045,RC2440I,2139
1046,PZ1472J,1225
1047,ML7479F,1876
1048,DN2815O,2450
1049,IQ4089K,200
1050,MZ8902H,378
1051,CA9395O,720
1052,DR6501B,2232
1053,DM8333A,416
1054,IE6429Y,308
1055,HB7972R,160
1056,GJ9714Y,665
1057,CH7147B,2613
1058,IF6554H,2331
1059,EZ7477F,2664
1060,JX4848G,2898
1061,AK4178X,1312
1062,LR6311J,44
1063,KB6292G,2349
1064,RC1446Z,2136
1065,XO5373Q,621
1066,QK7376P,2070
1067,XP9187J,602
1068,ZF7816G,50
1069,EF9048R,2278
1070,GN9950H,1394
1071,AJ5042B,432
1072,XO5051D,437
1073,GG5553K,1476
1074,GX8654H,1292
1075,BH8249C,3150
1076,YF1262G,559
1077,CM3801H,88
1078,IB8773I,714
1079,EA8246J,58
1080,EG2289N,94
1081,BO2565Z,1349
1082,QL9119Y,1360
1083,GK5566G,1776
1084,CR9756J,3243
1085,NP2461L,2627
1086,DZ2460H,3003
1087,NL1205X,57
1088,ZN7400L,2937
1089,JR2170A,1241
1090,HH8128R,1104
1091,HB1457N,1760
1092,DB6625P,986
1093,IB5634H,430
1094,CI3015C,336
1095,LF6289Y,918
1096,XC3856X,3168
1097,PJ1390J,3096
1098,DZ5028K,2352
1099,PZ4417E,30
1100,FJ5322A,2880
1101,PP5963P,1350
1102,NR8835N,598
1103,FF5470C,1824
1104,QE3584A,125
1105,DH6573I,1120
1106,QM7312E,3108
1107,QP2461C,3185
1108,CQ5304X,564
1109,CD6031K,1656
1110,LZ7774J,21
1111,HK7657E,1175
1112,RO5522M,2408
1113,AL5006B,49
1114,XK9661I,504
1115,HD1748X,616
1116,FJ6831X,1218
1117,OQ8758J,1102
1118,JK2022M,285
1119,OE2698D,1702
1120,ZA7370J,1958
1121,DO8344R,1935
1122,HZ8334P,531
1123,EG7699O,156
1124,QR3405A,160
1125,PZ4071Y,4312
1126,EO1095B,2346
1127,GD5222A,3283
1128,OZ8399H,125
1129,PZ5179I,1628
1130,RD6708X,378
1131,KZ8318J,3045
1132,JY3083M,420
1133,XY2431C,848
1134,LC3084L,250
1135,NG4046F,752
1136,HK3238C,1206
1137,BM7305D,2059
1138,GG2239R,396
1139,CC7309A,0
1140,NG1409L,840
1141,NI1443A,3040
1142,HP8438L,1311
1143,QF9161A,2640
1144,BF2772P,2448
1145,EM4511G,1088
1146,AP8729A,1100
1147,RZ1969H,2106
1148,NJ4513X,1456
1149,ZD8632F,972
1150,NG4120D,675
1151,MR2834Z,2673
1152,GX4347K,1008
1153,IK8785D,252
1154,DO1183C,242
1155,IJ5111C,2450
1156,NZ1561P,1863
1157,YH8413A,567
1158,AD2062C,468
1159,ME8615Q,2091
1160,EG2575P,525
1161,FI2308Y,697
1162,BJ2075J,2596
1163,CH3175F,1160
1164,XQ3504Y,12
1165,LH2179J,1248
1166,DL8297C,1188
1167,RM3692P,888
1168,NM7397E,456
1169,DI3583P,217
1170,OF6058L,1760
1171,IZ1769F,539
1172,ME5100J,456
1173,PF1447L,3486
1174,BF5035N,1155
1175,BP7669O,814
1176,CO2186I,765
1177,BA2938H,2886
1178,XR1824D,3395
1179,JF8454G,1161
1180,PI1961X,558
1181,GG1060E,2457
1182,JM9976G,2850
1183,GN7167J,1394
1184,XH3702F,145
1185,QF7619A,540
1186,DQ8454E,609
1187,YN4220H,75
1188,NA1143Q,288
1189,FD8638C,37
1190,OG6304H,525
1191,CI2536Y,1275
1192,QY3983E,1740
1193,QY7063R,3078
1194,LP3393P,119
1195,GY2313Q,2124
1196,PK8786C,30
1197,IN3764R,840
1198,MC3621X,2625
1199,MQ2148Y,95
1200,NF4873R,104
1201,ZC4438I,1850
1202,OM8076X,1216
1203,ZX3548E,486
1204,YH1805B,3024
1205,CY4735N,54
1206,CH9725D,2405
1207,YM8932Y,1980
1208,BI3038E,623
1209,ZE2271I,26
1210,KE1676P,868
1211,LE9558R,1974
1212,XG9064K,2684
1213,CZ9828D,1770
1214,GZ3922C,98
1215,RD2326P,216
1216,QP4888D,180
1217,HD5808H,2001
1218,QK4968H,128
1219,JN9438G,2625
1220,RP3894F,1562
1221,NJ1520E,406
1222,DA5559Q,1740
1223,DQ9936F,486
1224,ZC5735G,300
1225,AM3551X,645
1226,XM3528N,272
1227,BQ1539M,1408
1228,JR1979M,3168
1229,FQ9536K,648
1230,AX9376J,1276
1231,OX1009F,754
1232,XL3261N,1014
1233,KK4645F,33
1234,OC6937M,231
1235,GH7932P,702
1236,PR6500C,3182
1237,ZL9982Q,3198
1238,YJ7995J,760
1239,YL4843C,288
1240,NQ4014K,49
1241,JX5347N,2184
1242,GN1757G,2640
1243,CF7278X,68
1244,MR5189O,1218
1245,PM2640X,1144
1246,XD6105M,455
1247,OZ1673Y,288
1248,QX5086D,624
1249,NR7859I,264
1250,EB7258Z,2958
1251,EC3021Z,96
1252,ON4065I,1700
1253,KX7126Q,0
1254,CY6883Y,150
1255,YJ3677B,1710
1256,EH8282D,80
1257,LP5981B,2760
1258,CG9920N,456
1259,OC3935K,1677
1260,GO3539P,144
1261,OJ7324H,583
1262,PP5998E,2205
1263,MO3920R,1353
1264,MQ6431D,666
1265,BN7833E,82
1266,FZ8052E,445
1267,YH5713X,3069
1268,GC9320F,276
1269,FF8318X,495
1270,CE9576Y,205
1271,QP2750C,1323
1272,PQ8570H,0
1273,FJ8831B,1740
1274,FI5622L,432
1275,FG1405N,205
1276,BL7554I,810
1277,OG3848X,840
1278,HQ7444Q,576
1279,YA2781X,828
1280,CC5768E,196
1281,HJ9653E,364
1282,DJ8490P,102
1283,IH6497D,504
1284,BP5582R,4462
1285,ZB5438X,320
1286,RJ3360A,1701
1287,DM9350B,276
1288,MP4675G,1003
1289,OK4886I,200
1290,QI3726M,858
1291,YK4724A,891
1292,QL3781M,2385
1293,BQ5889B,1296
1294,MX8647Q,78
1295,BN7141F,3078
1296,CR1451A,1692
1297,PN2708P,228
1298,IA4077G,1144
1299,XR9415O,1482
1300,IL5487F,2205
1301,AM9234Z,1610
1302,JI7892J,2666
1303,OP1336F,3600
1304,DQ6838Z,336
1305,ED7748C,3690
1306,RF3069P,1025
1307,BF5578I,418
1308,PO3967G,3720
1309,CI6647I,132
1310,MB2953H,3404
1311,LN7883O,3276
1312,MI4744I,320
1313,GE9564Y,552
1314,ND5943M,1387
1315,PY5191Y,0
1316,GZ1225O,2209
1317,LX2222J,1064
1318,QD4180Z,1204
1319,IH1700X,3956
1320,RC7778P,3440
1321,CB5473D,70
1322,AN5246C,1944
1323,OY3871P,630
1324,OE6625J,504
1325,AR2497B,840
1326,LR4664J,1530
1327,HK5620Q,774
1328,YG8714R,528
1329,JN5950F,2160
1330,ME5559O,3430
1331,BN5452I,88
1332,DY1566B,546
1333,DK1823O,152
1334,LR4434R,594
1335,IJ1398P,553
1336,NZ7719G,168
1337,XQ7587F,1269
1338,AF4297G,1377
1339,YD7868G,2640
1340,JM6792A,310
1341,IA4400B,3577
1342,ME6197P,2002
1343,ZJ7195Z,135
1344,EI9041X,174
1345,IK4422Z,1408
1346,OF1005F,690
1347,JB3090N,92
1348,PE2225K,1440
1349,NQ4723E,868
1350,CI4985R,300
1351,OK4763N,693
1352,QE4800R,420
1353,XH8855D,1215
1354,PO6900Z,2835
1355,FI2108Q,2592
1356,QE6112F,32
1357,NF3491O,0
1358,RJ2384X,3990
1359,FX9595R,2079
1360,RJ3376Y,2544
1361,QR4685I,2745
1362,GM5853X,308
1363,AK2097P,1344
1364,KA5597J,100
1365,KO6134X,1463
1366,JX7367O,1320
1367,NA5167L,320
1368,MZ7925R,1715
1369,MO8550B,225
1370,XY9814H,264
1371,XC1774B,1026
1372,EE6036M,361
1373,IE5492M,88
1374,GO4708M,2418
1375,ND5014I,1760
1376,ZO4642O,2013
1377,PB7044P,1881
1378,FI5413Y,360
1379,BY5112L,2304
1380,QK4065C,1008
1381,QJ9061P,340
1382,OK9518I,2000
1383,BG9208E,2296
1384,LR6059C,1036
1385,IE2318J,144
1386,JP7883Q,400
1387,LP2211O,3321
1388,LP1065R,980
1389,MJ5683J,1512
1390,EG2358H,1680
1391,FN9051X,190
1392,GA6780C,84
1393,RL6971P,55
1394,MB9821F,418
1395,MF3503B,483
1396,PQ3365N,931
1397,FP8792H,275
1398,RD2215I,1020
1399,PK6450F,672
1400,GN5097Z,2256
1401,IO1888Y,1978
1402,QP3003A,1666
1403,BI7222D,798
1404,XH9546X,948
1405,FQ7095C,1316
1406,NK4853Z,196
1407,BQ1916P,440
1408,ZL9572J,3400
1409,PD4806K,282
1410,NH8272R,561
1411,IQ6455O,840
1412,JP5566X,1424
1413,BD3693Z,1222
1414,NZ5995M,600
1415,PQ7981N,616
1416,NE5279J,2175
1417,ZX1284R,112
1418,MM7192N,2760
1419,RN5635X,2760
1420,KH2173K,276
1421,LJ3822J,1170
1422,HI7764P,2268
1423,IR7113N,3108
1424,DI3872D,546
1425,EP9821G,1598
1426,OH5034R,54
1427,JM4595Q,304
1428,PM2408O,1683
1429,HJ9377H,270
1430,IL9640B,520
1431,DF5474H,390
1432,IM8639N,187
1433,DA8758K,2680
1434,DM7134Z,126
1435,HE4959R,219
1436,MH6216M,2352
1437,QO4746P,689
1438,BP1478M,2728
1439,MO2447A,1914
1440,GH4323N,1540
1441,GH6454E,195
1442,BQ3205P,430
1443,CO9662J,1022
1444,LA2553L,760
1445,ZM8868F,2268
1446,BO3979E,320
1447,ZX3222Y,219
1448,LB2418X,1562
1449,XY5886F,1843
1450,GH9256P,576
1451,YN5901E,1680
1452,CC1046D,396
1453,LF6553O,504
1454,GA4335Y,270
1455,BH8307P,1599
1456,YR1086F,1680
1457,OL4063C,946
1458,DY5460N,58
1459,JR4054O,416
1460,HO4287Z,1520
1461,LI2190D,80
1462,NO6230I,3154
1463,JA6074P,240
1464,MG5376P,4005
1465,BB8856R,1073
1466,OZ6360R,14
1467,RE8846K,1680
1468,NB1248G,1012
1469,YX1119B,69
1470,YL7431D,483
1471,MN6201O,204
1472,JP5540A,1035
1473,JQ2651M,175
1474,II5985A,52
1475,LX9073Q,304
1476,GK4394M,228
1477,OA2483Q,855
1478,MO7815A,784
1479,OA8754D,210
1480,ZF4703D,0
1481,YL3683A,68
1482,II3855O,1995
1483,DQ1914Z,935
1484,OG3535K,3182
1485,XH5081X,1960
1486,HJ6423O,320
1487,ZI8343O,2904
1488,IY9802N,352
1489,NF5178Y,1512
1490,YD8764I,198
1491,EK6309O,1120
1492,NJ3759A,2295
1493,RB8148N,960
1494,FY1647P,2196
1495,RQ4900D,1287
1496,QL6143O,615
1497,FB7873D,74
1498,MC5644Z,104
1499,OZ7664H,2288
1500,FC4650J,98
1501,RZ7068A,2046
1502,JK7959D,1628
1503,DC1757P,975
1504,PA6891R,60
1505,QE5941Z,2135
1506,NM9511O,1386
1507,QJ4555F,407
1508,EP5970E,322
1509,CL7117N,3792
1510,EC8185B,1287
1511,HJ3319L,560
1512,DF4833D,1992
1513,NH1110H,897
1514,OA6415C,493
1515,PG2277Z,1152
1516,FR9147R,560
1517,OB7084Q,504
1518,FZ2915D,616
1519,LA3924X,1290
1520,AI4723N,1505
1521,LD2639O,1558
1522,IK9283N,1728
1523,AQ9336N,228
1524,GP3503E,3108
1525,IG8830I,255
1526,NN1100I,1190
1527,AL8110F,782
1528,OI5467H,2070
1529,JY4468D,3234
1530,NO4801Y,2500
1531,BP7445Z,1856
1532,IQ3083R,60
1533,BZ7132I,2176
1534,PZ1408Y,192
1535,LY7731C,28
1536,DD8655M,1872
1537,YG1652N,1680
1538,LC1869A,2054
1539,FQ3914D,1496
1540,OO1017N,900
1541,PD3661F,3402
1542,PO5796K,3237
1543,BF1549B,518
1544,EM7307R,154
1545,ZB4651B,40
1546,DF5825I,432
1547,AN7047Z,3384
1548,HX8326H,355
1549,IY6279J,768
1550,RK8862E,532
1551,NZ9332Z,1105
1552,HR9760P,1470
1553,RD9351B,1064
1554,BG2582G,776
1555,QB6333Y,663
1556,NM5832P,2378
1557,GZ6263D,240
1558,XO5641L,4002
1559,NK7113L,1065
1560,NQ4902G,66
1561,RE1400M,2793
1562,QC3976X,74
1563,XJ5802I,1269
1564,JZ9289M,1008
1565,JF6307P,1107
1566,LI7263G,2508
1567,KA4843I,336
1568,EI9297P,420
1569,CI8932D,1122
1570,YA4122Z,2800
1571,GE5838M,713
1572,LO4754Q,2376
1573,IL9296D,1827
1574,AL7096Q,1080
1575,JN9439F,4608
1576,FL7253J,165
1577,RH3720X,368
1578,ED1097B,3600
1579,GA5035L,2993
1580,JJ3227Z,1898
1581,LN1538Z,338
1582,IQ3755K,4416
1583,ME9644L,814
1584,DG2391M,1944
1585,OZ3193G,440
1586,PA7150D,3250
1587,QZ8453R,10
1588,ZL7247Y,87
1589,EQ4941C,473
1590,LL1323P,400
1591,HQ6670O,950
1592,OO4480A,664
1593,QK5349L,1387
1594,DH7957X,3300
1595,OA1294C,1131
1596,EJ3168A,4704
1597,BG9024C,1248
1598,ZY9078R,1501
1599,HK8522X,1550
1600,FL1426K,1680
1601,NX8055K,0
1602,ID1924B,918
1603,CM3665X,1245
1604,AH8126J,1152
1605,PP2461O,135
1606,GI3789L,660
1607,LI8421A,450
1608,OZ8789O,851
1609,FX3576K,576
1610,KI5343I,876
1611,ER9595L,1044
1612,YR3018N,2592
1613,DO8617G,148
1614,EL6793Z,325
1615,MK2848B,1107
1616,QL5426A,2898
1617,NJ7979X,4158
1618,MP6264E,2730
1619,AZ4975J,424
1620,YP7199X,836
1621,NQ2969L,2760
1622,GO6669O,1512
1623,YA9884F,517
1624,DN6414X,90
1625,CX9206R,648
1626,JF2109D,15
1627,YI4736B,3000
1628,NZ8248G,592
1629,DI5648K,612
1630,EQ7918G,2376
1631,BG6981B,0
1632,AY6146A,1632
1633,ED5974D,39
1634,EB1210F,1026
1635,QN6242X,1798
1636,KM8230P,2048
1637,MY8797N,940
1638,DD7703M,48
1639,MC6150N,4600
1640,AQ6985J,2294
1641,FI6065K,3060
1642,YL3546A,128
1643,JI6103B,2068
1644,BL5855Y,72
1645,YK2220O,637
1646,FN1045X,1320
1647,LH9624I,2275
1648,XK4224P,2754
1649,ZD4608J,1932
1650,HD2091L,2442
1651,QP8638G,3569
1652,JJ4927J,2697
1653,JA8677Q,2848
1654,XH1849E,207
1655,OJ8719N,105
1656,RE2943I,624
1657,DD5526O,1900
1658,GP8617B,183
1659,KG1437O,2368
1660,EQ2037B,2604
1661,AX7509H,1666
1662,KI3598A,1978
1663,JC5025M,900
1664,AM2235Z,0
1665,XN6158N,510
1666,AI9403E,182
1667,EL3469F,1344
1668,BZ6930P,2068
1669,DM1581F,475
1670,EE6701N,840
1671,PP2705A,2064
1672,GY3844Q,1624
1673,JZ6797Q,1634
1674,YP5583C,342
1675,XQ7070Z,2546
1676,AH8033R,2268
1677,CI2278A,160
1678,JF7457R,979
1679,IJ3711M,2480
1680,HY8503F,378
1681,QA2438J,2079
1682,HA9068M,1274
1683,DH2528F,2278
1684,MB7287Z,1482
1685,DY9837P,3075
1686,QN8496P,3036
1687,DN9866G,1944
1688,XL6342F,2025
1689,NL6692O,1677
1690,LC3861J,195
1691,MO9389D,710
1692,NL7843D,1617
1693,JK1640A,1638
1694,IC3599E,132
1695,EJ3754Z,720
1696,YK6063C,1470
1697,HZ2753G,1148
1698,OO2614X,776
1699,HZ5790R,176
1700,BL4751I,2067
1701,LK8876R,480
1702,FH2184N,765
1703,AR9219N,350
1704,JP8819Q,3096
1705,NL1850J,1675
1706,MF9394R,2565
1707,BR4259G,108
1708,EE2180X,1139
1709,JF7221G,1026
1710,LE5202R,150
1711,YH4038C,320
1712,CE9312N,279
1713,YJ6171P,816
1714,KQ8021Y,1482
1715,AL9072R,450
1716,MR7128R,946
1717,GH6566A,2813
1718,HF5558F,1628
1719,LK7014M,312
1720,HA6973E,920
1721,RR4544N,512
1722,YA9995B,282
1723,EL3638P,880
1724,GI3393R,104
1725,LL6525M,16
1726,IZ4243Q,450
1727,IA1473Y,2444
1728,MO6750D,48
1729,ZA5315Y,2520
1730,OX7950M,351
1731,XL9912F,238
1732,HC7323Q,3444
1733,EO4350Z,224
1734,CD1655O,1564
1735,CN4141F,1221
1736,EZ5840F,1380
1737,MN5476P,1218
1738,HD6326X,1221
1739,GL9536B,24
1740,ZY8981C,784
1741,RX4244L,124
1742,KI1955C,885
1743,KO6373D,2664
1744,LN6618R,1911
1745,IC5325E,1739
1746,MG6142F,2537
1747,CQ2188O,306
1748,AL6932F,3520
1749,IM4642Q,70
1750,PF2413L,1972
1751,XZ3189D,561
1752,DY4842P,520
1753,KO6632Q,1672
1754,LD8610P,3690
1755,FO1130L,72
1756,NJ4421K,1504
1757,EK6854Y,2044
1758,BL4850L,1824
1759,HL2745X,957
1760,YR9018K,322
1761,GJ2843I,369
1762,BG4790B,2829
1763,XA6867R,1462
1764,JN3384P,260
1765,RR7061M,726
1766,DA3047M,20
1767,CX3583O,627
1768,EN2392J,410
1769,ND5621P,330
1770,JH3481P,1541
1771,GQ8808Z,360
1772,YN1750G,3675
1773,NI9902H,3648
1774,EG7747R,680
1775,EL9157J,45
1776,YN1307B,1140
1777,NR2807K,754
1778,ZG8898D,528
1779,CH6071J,2340
1780,JO6877Z,2200
1781,IX5158A,108
1782,YR7800Y,960
1783,YY3713Y,1140
1784,FQ3575D,399
1785,MC4111N,726
1786,IJ1527I,1407
1787,RN6346N,1100
1788,RF5251E,2765
1789,RY6747M,1680
1790,LA2087I,1504
1791,NB6907A,3332
1792,QN7533B,55
1793,PH9995N,126
1794,IN7091E,3652
1795,EL5311E,3654
1796,DI1247D,1620
1797,QC5291O,248
1798,RL5696L,28
1799,NM3111C,1988
1800,HM6533J,1140
1801,FH5433A,74
1802,RD1135D,896
1803,DY4390E,2268
1804,FE9156X,4606
1805,NA5859J,490
1806,GN3057J,949
1807,GM4833Y,2430
1808,YR8517O,882
1809,OF8695Z,108
1810,XR5158P,3807
1811,QY8555X,2960
1812,HJ7833E,980
1813,OJ5505O,138
1814,ME7118A,3010
1815,BR5777Y,2046
1816,BH3736J,115
1817,YR1893P,352
1818,DP6391G,37
1819,AP1949M,3154
1820,ZE2338F,720
1821,ZH5856D,192
1822,HC9119H,598
1823,LX7304F,2075
1824,XZ1108N,3276
1825,FK7786J,624
1826,FB9963J,280
1827,DR4627C,594
1828,ZD7170L,1650
1829,HL4004O,630
1830,YZ8452J,2673
1831,GO5157O,110
1832,BK1178K,2976
1833,MA1275R,3700
1834,AE4780R,1040
1835,DB9934O,375
1836,XA7818E,165
1837,BE1234K,2072
1838,RF6640P,725
1839,LF8308P,2116
1840,JZ3892J,975
1841,YI5623P,936
1842,OK8199P,14
1843,MZ2368Q,1560
1844,GL9772Z,496
1845,RA3162P,780
1846,DL8064B,1551
1847,DN7257Z,2871
1848,LF2436H,3784
1849,CB9681B,310
1850,BX4127X,2697
1851,KB8949Y,2040
1852,GG9937Y,2891
1853,OC3006Y,46
1854,IH4457F,2024
1855,RG6063F,36
1856,YQ6703Z,132
1857,JI1788I,1134
1858,GG9282J,124
1859,EM7585B,2850
1860,FG8155Y,2331
1861,MB3339C,1872
1862,ZK9772B,585
1863,LL5866I,170
1864,QQ5623C,119
1865,AA8959B,1156
1866,PK6234I,528
1867,AL4278A,465
1868,MK1678H,306
1869,KD1081G,2125
1870,CK7141G,338
1871,RI3554B,1740
1872,NE7372R,273
1873,AL7056D,1558
1874,ON4469A,1512
1875,EN2402P,110
1876,QR3390C,1296
1877,FC9156O,949
1878,QL9446J,960
1879,ID7372H,576
1880,JK3415P,12
1881,FZ1400A,803
1882,YC4484F,155
1883,OH9350A,1100
1884,JK7551D,462
1885,QZ9961N,165
1886,ZQ1818E,1845
1887,OQ5298X,392
1888,OR1811D,792
1889,GQ2022B,330
1890,BA7941E,480
1891,MZ5959R,3652
1892,ZN1723D,567
1893,PY1695O,308
1894,NC2793F,3026
1895,CE3777R,3402
1896,FN2747N,2064
1897,AX2781E,192
1898,RQ4254O,460
1899,AI4105H,2814
1900,PK5030B,2448
1901,IK4495B,162
1902,NK7985E,1380
1903,ZG3096A,1290
1904,ZN9686J,2925
1905,OZ1523H,212
1906,FG2038N,1276
1907,FA7207Y,2376
1908,PJ9080F,203
1909,IP8592K,656
1910,YP2237B,2256
1911,BL7388N,1960
1912,GM2001G,738
1913,BQ2471L,2522
1914,CM8042P,3700
1915,JL4345O,360
1916,FJ6702D,924
1917,MQ2758A,2418
1918,YM4255E,80
1919,HG9290H,136
1920,QY5454Y,135
1921,JG4924Z,2499
1922,PX2224I,1701
1923,CC6294D,1376
1924,ZY7991L,572
1925,BB2496E,1892
1926,QP6909A,846
1927,LO8983A,735
1928,KK3901N,893
1929,CN7260N,936
1930,DM5280H,1620
1931,QE6826Z,1488
1932,GE1788Z,369
1933,FE9160K,361
1934,PG1405A,2360
1935,OX8487H,2850
1936,CC4857D,2262
1937,OO6839O,2340
1938,KZ7890N,3500
1939,CB3541X,3864
1940,RB9295X,117
1941,JO4274F,1316
1942,HO1682M,1320
1943,PZ8716B,3655
1944,AJ1565I,288
1945,DP2683K,1720
1946,OH6631L,165
1947,OP9438Y,86
1948,AL7416Q,2430
1949,OR7612F,36
1950,PB7764Y,1476
1951,OG8724I,1782
1952,AX1491E,3828
1953,QP2236X,2925
1954,PH4485E,204
1955,QC6805I,1560
1956,JX3650L,3760
1957,AF5958J,2852
1958,OA4778P,1197
1959,RK1110M,1122
1960,QN1815N,3400
1961,DE4849D,1943
1962,CE7343K,806
1963,KF3475H,660
1964,FD8772R,1785
1965,LM2110I,15
1966,GX1656G,156
1967,RO4378H,0
1968,GC8936N,140
1969,AK4362R,3948
1970,HP9756H,966
1971,YF2317O,1062
1972,HB1044L,420
1973,CO4271P,2542
1974,DD4764X,385
1975,PD3244Z,3081
1976,DF2501Z,360
1977,OP5164A,2175
1978,PX6505B,216
1979,CN6004P,470
1980,EX2150H,776
1981,BK8328C,1599
1982,YC5158N,1071
1983,IZ3554P,38
1984,BZ8430D,2695
1985,KZ4878L,598
1986,HF9850A,3168
1987,ZP4308I,116
1988,MX4282E,1575
1989,KO4358D,232
1990,AH8675L,946
1991,NM4748Q,3136
1992,FN8032P,1575
1993,FZ9513H,1692
1994,CK2927H,868
1995,IG1126Z,190
1996,BX7635C,128
1997,QB5496I,2958
1998,LK2455E,649
1999,QR6235I,186
2000,NM5489X,1430
